Module Name,Sub Module,Feature / Requirement,Expected Flow,Frontend UI Available,Frontend Logic Status,API Integration Status,Backend Required,Backend Available,Database Required,Validation Status,Role-Based Access,Current Status,Completion %,Remaining Work,Priority,Notes
1. Authentication,Login,Patient email + password sign-in,User submits credentials -> backend verifies -> JWT issued -> MFA challenge if required,Yes,Completed,Done (demo),Yes,Partial,Yes,Done (client + scope check),Yes,Partial,50,"Real user DB, password hashing (bcrypt/argon2), brute-force counter, IP tracking",High,app/(auth)/login + /api/auth/login route uses hardcoded DEMO_PASSWORD against demo-users.ts. No real user table.
1. Authentication,Login,Staff (clinician/admin) sign-in,Staff submits username/password -> mandatory MFA -> role-scoped session,Yes,Completed,Done (demo),Yes,Partial,Yes,Done,Yes,Partial,50,"Real staff provisioning, MFA enforcement at API, device binding, shorter session for staff",High,/staff-login and /super-login pages share /api/auth/login. Demo-only.
1. Authentication,Registration,Patient self-registration,Multi-step form -> email verify -> account active,Yes,Completed,Done (demo),Yes,No,Yes,Done (Zod-style HTML validation),Yes,Partial,50,"Persist user, send verification email via SendGrid, dedupe email/MRN",High,registration-wizard.tsx is fully built. /api/auth/register returns mock success.
1. Authentication,Email Verification,OTP-based email verify,User clicks email link or types OTP -> account activated,Yes,Completed,Done (demo),Yes,Partial,Yes,Done,N/A,Partial,55,Real SendGrid template + token storage + expiry enforcement,High,/verify-email page + /api/auth/verify-email route. Dev OTP shown inline.
1. Authentication,Forgot Password,Password reset request,User submits email -> emailed signed reset link,Yes,UI Only,Missing,Yes,No,Yes,Partial,N/A,Backend Missing,25,"POST /auth/password/reset/request endpoint, token table, SendGrid integration",High,/forgot-password page is toast-stub only.
1. Authentication,Reset Password,Set new password via signed link,User opens link -> sets new password -> session invalidation,Yes,UI Only,Missing,Yes,No,Yes,Partial (password rules client-side),N/A,Backend Missing,25,"POST /auth/password/reset/confirm with token verification, history check",High,/reset-password page is toast-stub only.
1. Authentication,MFA Enrollment,TOTP setup with QR + recovery codes,User scans QR in authenticator app -> verifies code -> saves recovery codes,Yes,Partial,Missing,Yes,No,Yes,Partial,Yes,UI Only,30,"POST /auth/mfa/enroll + /auth/mfa/verify, encrypted secret store, recovery code hashing",High,/mfa-setup + /mfa-recovery-codes pages render QR/codes from mock data.
1. Authentication,MFA Challenge,Verify TOTP during login,Post-password OTP page -> server validates code -> issues session,Yes,Completed,Done (demo),Yes,Partial,Yes,Done,Yes,Partial,55,"Real TOTP RFC 6238 verification, attempt counter, lockout after N fails",High,/mfa-challenge calls /api/auth/verify-otp. Uses pending-cookie OTP hash.
1. Authentication,MFA Prompt,Optional MFA prompt for patients post-login,Patient sees skip/setup choice once -> remembers dismissal,Yes,Completed,N/A,No,N/A,No,Done,Yes,Completed,85,Nothing critical - dismissal lives in localStorage,Low,/mfa-prompt page works end-to-end including dismissal persistence.
1. Authentication,Invitation Acceptance,Accept staff or patient invite token,Email link -> set password -> MFA enroll for staff -> dashboard,Yes,Partial,Missing,Yes,No,Yes,Partial,Yes,Backend Missing,35,"POST /auth/invitation/accept, token table with expiry, email dispatch",High,/(auth)/invite/[token]/page.tsx renders; submit is a toast.
1. Authentication,Session Management,JWT issue/refresh/revoke,"Short access token (15m) + rotating refresh token, idle timeout, device tracking",Yes,Partial,Partial,Yes,Partial,Yes,Partial,Yes,Partial,50,"Refresh token rotation, sessions table, force-logout from another device",High,lib/auth.ts signs JWT with dev-only secret. /api/auth/logout clears cookies (built recently). No refresh.
1. Authentication,Session Management,Idle timeout warning + auto-logout,After N min idle -> warning modal -> auto-logout if no extension,Yes,Completed,N/A (client),No,N/A,No,Done,Yes,Completed,80,Sync with server-side session expiry on production,Medium,components/shared/idle-timeout.tsx works. Calls logout on expiry.
1. Authentication,Account Lockout,Progressive backoff after failed logins,After N fails -> temporary lock -> CAPTCHA on suspicious,No,Not Started,Missing,Yes,No,Yes,Missing,Yes,Not Started,0,"Attempt counter, exponential lockout, optional CAPTCHA integration",High,No UI or logic exists.
1. Authentication,Active Sessions / Devices,List + revoke active sessions,User sees devices/sessions and can force-logout,Yes,Completed,Missing,Yes,No,Yes,N/A,Yes,Static Data Only,55,Real sessions table + revoke endpoint,Medium,/patient/settings SessionsTab shows device + IP + trusted/untrusted state + per-row revoke + sign-out-all.
2. Patient,Dashboard,"Quick stats + widgets (next appt, records, consents, msgs)",Server returns aggregated summary -> dashboard widgets populated,Yes,Completed,Missing,Yes,No,Yes,N/A,Yes,Static Data Only,65,GET /patients/me/dashboard-summary endpoint + real data,Medium,/patient/dashboard uses patient-store (localStorage demo).
2. Patient,Medical Records,Categorized list with filter/search,Server returns consent-evaluated record list,Yes,Completed,Missing,Yes,No,Yes,N/A,Yes,Static Data Only,55,"GET /patients/{id}/records, consent guard, encrypted record store",High,patient/records + records-data.ts mock. Detail page with record-actions.
2. Patient,Medical Records,Detail view with download as PDF,User opens record -> sees metadata -> client-side PDF export available,Yes,Partial,Missing,Yes,No,Yes,Partial,Yes,Partial,50,Real record fetch + audit-log download event,High,jsPDF used for client-side export. record-actions.tsx wires download button.
2. Patient,Appointments,Book + reschedule + cancel + calendar view,"Patient sees clinician slots, books, gets reminders",Yes,Completed,Missing,Yes,No,Yes,Done (client),Yes,Static Data Only,55,"Slot management API, conflict detection, reminders dispatch",High,"/patient/appointments (list, new, detail, calendar-view). form-dialogs has reschedule/cancel."
2. Patient,Documents,Upload + list + consent-bound sharing,Drag-drop -> presigned S3 URL -> virus scan -> registered metadata,Yes,Partial,Missing,Yes,No,Yes,Partial (file type/size),Yes,UI Only,40,"S3 integration, virus scan hook, retention enforcement, real signed URLs",High,/patient/documents + /upload pages render. No real S3 upload.
2. Patient,Consents,List + grant + revoke with duration picker,Patient grants scope+role+duration -> PHI access guard updated,Yes,Completed,Missing,Yes,No,Yes,Done (client),Yes,Static Data Only,60,"Consent table, version snapshot at grant, server-side evaluation guard",High,"/patient/consents (list, grant w/ duration-picker, detail)."
2. Patient,Messages,Threaded encrypted chat with clinicians,Patient sends/reads messages with attachments,Yes,Completed,Missing,Yes,No,Yes,Partial,Yes,Static Data Only,50,"Encrypted body storage, attachment via S3, real-time delivery (WS/poll)",High,/patient/messages + messages-view + emoji-picker. Local state only.
2. Patient,Notifications,Categorized in-app feed,User sees + filters + marks-read; backend dispatches per channel,Yes,Completed,Missing,Yes,No,Yes,N/A,Yes,Static Data Only,65,"GET /notifications, mark-read PATCH, dispatch worker",Medium,/patient/notifications uses patient-store. Tabs + filters work.
2. Patient,Settings,"Profile, password, MFA, prefs, devices",User edits profile + security settings -> saved server-side,Yes,Partial,Missing,Yes,No,Yes,Partial,Yes,UI Only,55,"Real profile update API, password change, notification prefs",Medium,/patient/settings with account-widgets + DataTab (export+delete buttons).
2. Patient,Data Rights,Export PHI (right-of-access),Patient clicks export -> server bundles PHI -> emailed/downloaded,Yes,Partial,Missing,Yes,No,Yes,N/A,Yes,UI Only,35,"Server-side bundling job, audit-log of export, email-delivery option",High,DataTab.exportPhi() bundles client state only.
2. Patient,Data Rights,Submit deletion request (right-to-be-forgotten),Patient submits request -> compliance reviews -> partial/full deletion,Yes,UI Only,Missing,Yes,No,Yes,Missing,Yes,UI Only,25,POST /patient/data-requests + queue + compliance-side fetch (see Mod 14),High,Settings DataTab Submit button only fires toast. Compliance queue is hardcoded.
3. Doctor (Clinician),Dashboard,"Today's queue, tasks, recent patients",Aggregated daily view for the clinician,Yes,Completed,Missing,Yes,No,Yes,N/A,Yes,Static Data Only,60,GET /clinicians/me/dashboard with consent-scoped data,Medium,"/clinician/dashboard - mock data, role-locked via middleware."
3. Doctor (Clinician),Patient Panel,Search + filter assigned patients,Clinician sees only assigned patients,Yes,Completed,Missing,Yes,No,Yes,N/A,Yes,Static Data Only,55,GET /clinicians/me/patients with assignment + consent guard,High,/clinician/patients + [id] detail with timeline.
3. Doctor (Clinician),Schedule,Daily/weekly schedule + slot block,Clinician sees own schedule + sets availability,Yes,Completed,Missing,Yes,No,Yes,Partial,Yes,Static Data Only,55,Slot template management + override + conflict detection,Medium,/clinician/schedule - calendar UI works.
3. Doctor (Clinician),Clinical Notes,Compose note + finalize (lock),Clinician writes note -> save draft -> finalize (immutable),Yes,Partial,Missing,Yes,No,Yes,Partial,Yes,UI Only,45,"Versioning, finalize endpoint, append-only after finalize",High,/clinician/notes + /new. Submit is toast.
3. Doctor (Clinician),Tasks,Pending reviews/signatures/replies,Tasks queue with action shortcuts,Yes,Partial,Missing,Yes,No,Yes,Missing,Yes,Static Data Only,40,Tasks table + assignment + completion events,Medium,/clinician/tasks - static list.
3. Doctor (Clinician),Messages,Encrypted chat with assigned patients,Clinician messages assigned patients only,Yes,Completed,Missing,Yes,No,Yes,N/A,Yes,Static Data Only,55,Real thread API + WS/polling for delivery,Medium,/clinician/messages now has its own thread list (urgent/lab-ready/consent-pending flags + unread counts). Re-export bug fixed.
3. Doctor (Clinician),Notifications,In-app feed for clinician,"Notifications for new messages, appointments, tasks",Yes,Completed,Missing,Yes,No,Yes,N/A,Yes,Static Data Only,60,Real dispatcher + per-user preferences,Medium,/clinician/notifications has own page.
3. Doctor (Clinician),Settings,"Profile, MFA, notification prefs",Edit personal settings,Yes,Partial,Missing,Yes,No,Yes,Partial,Yes,UI Only,50,Real save API,Medium,/clinician/settings.
4. Nurse,All,Nurse role (entire module),Spec defines 6 roles (no nurse). Codebase has no /nurse routes.,No,Not Started,N/A,No,N/A,No,N/A,N/A,Not Started,0,Out of scope per spec. Skip unless requirements change.,Low,Spec section 4 lists Patient/Clinician/Org Admin/Compliance/Auditor/Super Admin only.
5. Super Admin,Dashboard,Cross-tenant platform health overview,"Stats on tenants, queues, security events",Yes,Completed,Missing,Yes,No,Yes,N/A,Yes,Static Data Only,60,Real platform metrics aggregation API,Medium,/super/dashboard - static.
5. Super Admin,Tenants,List + new tenant onboarding,Provision a new tenant with region/tier/admin,Yes,Partial,Missing,Yes,No,Yes,Partial,Yes,UI Only,45,"POST /organizations, tenant DB row, seed admin invitation",High,/super/tenants + /new with region-picker. Submit is toast.
5. Super Admin,Platform Config,Subscription tiers + feature flags,Edit tier + features,Yes,Partial,Missing,Yes,No,Yes,Partial,Yes,UI Only,45,"Feature flag store, tier configuration API",Medium,/super/platform + edit-tier-dialog.
5. Super Admin,Integrations,List + integration detail view,"Configure SendGrid, Twilio, S3, etc.",Yes,Partial,Missing,Yes,No,Yes,Partial,Yes,UI Only,45,"Secrets storage, connection-test endpoints",Medium,/super/integrations + [slug] detail.
5. Super Admin,Health,Platform health monitoring dashboard,"Real-time service health, queue depths, latencies",Yes,Completed,Missing,Yes,No,Yes,N/A,Yes,Static Data Only,50,Wire APM (Datadog/NewRelic) feeds,Medium,/super/health - static.
5. Super Admin,Security,Platform-wide security events + IP allowlist,"Failed login spikes, suspicious IPs, allowlist mgmt",Yes,Partial,Missing,Yes,No,Yes,Partial,Yes,UI Only,45,"Security event aggregation, allowlist CIDR table",High,/super/security + add-range-dialog.
5. Super Admin,Break-Glass,Emergency cross-tenant access with full audit,Super admin opens time-boxed session into a tenant; all actions audited,Yes,Partial,Missing,Yes,No,Yes,Partial,Yes,UI Only,45,"Break-glass session table, mandatory justification, page super team",High,/super/break-glass form. Toast on submit.
5. Super Admin,Incidents,Incident open/triage/close workflow,Platform incidents tracked,Yes,Partial,Missing,Yes,No,Yes,Partial,Yes,UI Only,45,"Incident table, status machine, paging integrations",Medium,/super/incidents + open-incident-dialog.
5. Super Admin,Notifications,Platform-ops alerts feed,"Break-glass, tenant security, queue health alerts",Yes,Completed,Missing,Yes,No,Yes,N/A,Yes,Static Data Only,60,Real dispatch + paging integrations,Medium,/super/notifications has own page.
5. Super Admin,Settings,Platform-level operator settings,"IP ranges, secrets, defaults",Yes,Partial,Missing,Yes,No,Yes,Partial,Yes,UI Only,50,Settings persistence,Medium,/super/settings.
6. Hospital / Tenant Management,Org Dashboard,Org-scoped overview,Admin sees own organization stats,Yes,Completed,Missing,Yes,No,Yes,N/A,Yes,Static Data Only,60,Real aggregation API,Medium,/admin/dashboard.
6. Hospital / Tenant Management,User Management,Invite + edit + deactivate staff users,Org admin manages all staff in their tenant,Yes,Completed,Missing,Yes,No,Yes,Done (client),Yes,Static Data Only,55,"Real user CRUD with email dispatch, role-permission link",High,"/admin/users + invite + bulk. Forms work, submit is toast."
6. Hospital / Tenant Management,Patient Management,Org-scoped patient list + invite + bulk,Admin sees all patients in their org,Yes,Completed,Missing,Yes,No,Yes,Done (client),Yes,Static Data Only,55,"Real patient CRUD, MRN generation, dedupe",High,/admin/patients + invite + bulk + [id] edit.
6. Hospital / Tenant Management,Patient Assignment,Assign patients to clinicians,Map patients to one or more clinicians,Yes,Partial,Missing,Yes,No,Yes,Partial,Yes,UI Only,45,Assignment table + audit,High,patient detail page has assignments-card.tsx.
6. Hospital / Tenant Management,Clinicians,Invite + manage clinicians,Admin onboards clinicians with specialty + department,Yes,Completed,Missing,Yes,No,Yes,Done (client),Yes,Static Data Only,55,Real clinician CRUD,High,/admin/clinicians + invite + [id].
6. Hospital / Tenant Management,Departments,Departments hierarchy,Configure dept tree + parent links,Yes,Partial,Missing,Yes,No,Yes,Partial,Yes,UI Only,45,Departments table,Medium,/admin/departments + new + dept-row-menu.
6. Hospital / Tenant Management,Templates,Notification template editor,Edit subject/body/variables per channel,Yes,Partial,Missing,Yes,No,Yes,Partial,Yes,UI Only,40,Template persistence + variable validation,Medium,/admin/templates.
6. Hospital / Tenant Management,Reports,Org-scoped reports,Org admin generates org-scoped reports,Yes,Completed,Missing,Yes,No,Yes,N/A,Yes,Static Data Only,55,Real aggregation + export queue,Medium,/admin/reports.
6. Hospital / Tenant Management,Settings,"Org profile, branding, retention defaults",Edit org-level settings,Yes,Partial,Missing,Yes,No,Yes,Partial,Yes,UI Only,50,Settings persistence,Medium,/admin/settings + org-widgets.
6. Hospital / Tenant Management,Appointments Oversight,Org-wide appointment view,Admin oversees clinic schedules + conflicts,Yes,Completed,Missing,Yes,No,Yes,N/A,Yes,Static Data Only,50,"Cross-clinician aggregation, conflict resolution",Medium,/admin/appointments.
6. Hospital / Tenant Management,Consents Campaign,Trigger re-consent campaign for tenant,Admin launches campaign when policy version changes,Yes,Partial,Missing,Yes,No,Yes,Partial,Yes,UI Only,50,Campaign queue + notification dispatcher,High,/admin/consents/campaign + compliance/campaigns. Static recipient counts.
7. Appointment,Slot Booking,Patient books slot from clinician availability,"Patient sees clinician slots, books one, gets confirmation",Yes,Completed,Missing,Yes,No,Yes,Done (client),Yes,Static Data Only,55,"Real slot table + conflict detection, transactional booking",High,/patient/appointments/new.
7. Appointment,Calendar View,Patient calendar of upcoming visits,Visual calendar of patient's appointments,Yes,Completed,Missing,Yes,No,Yes,N/A,Yes,Static Data Only,65,Live data feed,Medium,/patient/appointments + calendar-view.tsx.
7. Appointment,Reschedule / Cancel,Update appointment status,Patient/admin reschedules with reason; window enforced,Yes,Partial,Missing,Yes,No,Yes,Partial (window policy),Yes,UI Only,50,"PATCH /appointments/{id}, policy enforcement, audit log",High,form-dialogs.tsx has RescheduleDialog + CancelAppointmentDialog.
7. Appointment,Reminders,"Email/in-app reminders at T-24h, T-1h",Worker enqueues reminders per appointment,No,Not Started,Missing,Yes,No,Yes,Missing,N/A,Not Started,0,"BullMQ worker, scheduling logic, SendGrid templates",High,No UI or worker. Spec section 8.4 requires this.
7. Appointment,Clinician Schedule,Clinician sees daily/weekly schedule,Patient queue + appointment status transitions,Yes,Completed,Missing,Yes,No,Yes,N/A,Yes,Static Data Only,55,Live data + state transitions,Medium,/clinician/schedule.
7. Appointment,Admin Oversight,Org-wide appointment view + override,Admin reassigns or overrides conflicts,Yes,Partial,Missing,Yes,No,Yes,Partial,Yes,UI Only,50,Override endpoint + audit,Medium,/admin/appointments.
8. Medical Records,Patient View,"Categorized list (labs, Rx, imaging, notes, discharges)",Patient sees own records; consent-bound,Yes,Completed,Missing,Yes,No,Yes,N/A,Yes,Static Data Only,55,"GET /patients/{id}/records + consent guard, encrypted store",High,/patient/records + records-data.ts.
8. Medical Records,Patient Record Detail,Full record metadata + download,"User opens record, sees metadata, exports PDF",Yes,Completed,Missing,Yes,No,Yes,N/A,Yes,Static Data Only,55,Real record fetch + audit-logged view event,High,/patient/records/[id] + record-actions.tsx.
8. Medical Records,Clinician Records,Clinician views patient records (consent-bound),Clinician sees consented PHI only,Yes,Completed,Missing,Yes,No,Yes,Done (client),Yes,Static Data Only,55,"Server-side consent guard, panel-scoped fetch",High,/clinician/patients/[id] has a Records tab gated by consent (ConsentDeniedCard fallback). Functionally covered.
8. Medical Records,Clinician Notes Editor,Compose + finalize clinical notes,"Write note, save draft, finalize (lock immutable)",Yes,Partial,Missing,Yes,No,Yes,Partial,Yes,UI Only,45,Versioning + finalize endpoint,High,/clinician/notes + /new.
8. Medical Records,Record Versioning,Versioned record edits,Each save creates new version with parent link,No,Not Started,Missing,Yes,No,Yes,Missing,N/A,Not Started,0,"parent_record_id schema, version diff UI",Medium,Schema mentions version + parent_record_id; no UI/logic.
8. Medical Records,Per-Record Audit Trail,Who viewed/edited each record,Record-level audit trail view,Yes,Completed,Missing,Yes,No,Yes,N/A,Yes,Static Data Only,55,GET /records/{id}/audit-trail,Medium,/patient/records/[id] has an Access history panel with actor + action + relative time + IP + 5-event window.
8. Medical Records,Right-of-Access Export,Download own PHI as PDF/CSV,Patient exports all PHI in portable format,Yes,Partial,Missing,Yes,No,Yes,N/A,Yes,UI Only,40,Server bundler + audit event,High,patient/settings DataTab.exportPhi (client-side only).
9. Prescription,Patient Rx History,View own prescriptions,List of active + past prescriptions,Yes,Completed,Missing,Yes,No,Yes,N/A,Yes,Static Data Only,60,Real Rx table + refill workflow backend,Medium,"/patient/prescriptions page with Active/Past tabs, refill request action, download. Sidebar link added."
9. Prescription,Clinician Rx Creation,Compose structured prescription,"Clinician writes Rx with structured fields (drug, dose, freq, duration)",No,Not Started,Missing,Yes,No,Yes,Missing,Yes,Not Started,0,"Prescription schema, drug formulary lookup, signing flow",High,Spec section 8.8 lists 'Prescription creation with structured fields'. Not built.
9. Prescription,Refills / Renewals,"Patient requests refill, clinician approves",Refill workflow with audit,No,Not Started,Missing,Yes,No,Yes,Missing,Yes,Not Started,0,Entire refill workflow,Medium,Not in spec but typical patient-portal feature.
10. Consent Management,Patient Grant,Granular consent capture,Patient grants scope+role+duration with signed timestamp,Yes,Completed,Missing,Yes,No,Yes,Done (client),Yes,Static Data Only,60,Real consent table + version snapshot at grant,High,/patient/consents/grant + duration-picker.
10. Consent Management,Patient Revoke,Revoke consent with immediate effect,Patient revokes; subsequent reads denied with consent_revoked,Yes,Completed,Missing,Yes,No,Yes,Done,Yes,Static Data Only,60,Server-side guard rejecting subsequent reads,High,/patient/consents/[id] has revokeConsent action (local).
10. Consent Management,Consent Policy Versioning,Compliance creates v2.x policies,Compliance drafts -> activates -> triggers re-consent,Yes,Completed,Missing,Yes,No,Yes,Partial,Yes,Static Data Only,65,Real policy table + activation workflow,High,"/compliance/consent-policies (list, [version], edit, new)."
10. Consent Management,Re-consent Campaign,Bulk re-consent on policy activation,Compliance triggers campaign; patients notified across channels,Yes,Completed,Missing,Yes,No,Yes,N/A,Yes,Static Data Only,65,"Campaign queue, channel dispatch (email/in-app/SMS), progress tracking",High,/compliance/campaigns + [id]. Day-by-day chart works (recently rebuilt as line chart).
10. Consent Management,Compliance Consent View,Compliance sees all consents,Tenant-scoped consent visibility with audit history,Yes,Completed,Missing,Yes,No,Yes,N/A,Yes,Static Data Only,60,Real consent fetch + filtering,Medium,/compliance/consents (list + [id]).
10. Consent Management,Consent Evaluation Guard,PHI read guard against consents,Every PHI endpoint passes through consent evaluation,N/A,Not Started,Missing,Yes,No,Yes,Missing,N/A,Not Started,0,Server-side guard middleware,Critical,Backend concern. Spec section 6.3 + 10. Without this PHI access is unsafe.
11. Secure Messaging,Patient Inbox,Thread list + unread badges,Patient sees own threads,Yes,Completed,Missing,Yes,No,Yes,N/A,Yes,Static Data Only,55,Real thread API + WS/polling for delivery,High,/patient/messages.
11. Secure Messaging,Thread View,Send/receive with emoji + attachment,Threaded chat with read receipts,Yes,Completed,Missing,Yes,No,Yes,Partial,Yes,Static Data Only,50,"Encrypted body storage, attachments via S3",High,/patient/messages/[threadId] + messages-view + emoji-picker.
11. Secure Messaging,Clinician Messages,Clinician thread view,Clinician messages assigned patients,Yes,Completed,Missing,Yes,No,Yes,N/A,Yes,Static Data Only,55,Real thread API + WS for delivery,Medium,/clinician/messages now standalone (no patient-store dep). 6 mock threads with flag system. Re-export bug fixed.
11. Secure Messaging,Attachments,Attach docs to messages,Attached docs follow document consent rules,Yes,Completed,Missing,Yes,No,Yes,Partial (type/size),Yes,UI Only,50,Real S3 upload + virus scan + consent guard for downloads,Medium,"Attach buttons now stage files into pendingAttachments chips, persist into the message bubble on send, with file size + remove (X)."
11. Secure Messaging,Read Receipts,Mark-read status visible to sender,Read state tracked + audited,Yes,Partial,Missing,Yes,No,Yes,Partial,Yes,Static Data Only,45,Real read receipt API,Low,Shown locally only.
11. Secure Messaging,Encryption Indicators,Visual encryption badges,Indicate that body is encrypted at rest,Yes,Completed,N/A,No,N/A,No,N/A,Yes,Completed,80,Real encryption on backend (table column encrypt),Low,security-badge.tsx renders 'Encrypted' chips.
12. Notifications,Patient Feed,In-app notifications with tabs/filters,Persistent center with mark-read,Yes,Completed,Missing,Yes,No,Yes,N/A,Yes,Static Data Only,65,GET /notifications + mark-read PATCH + dispatch worker,Medium,/patient/notifications using patient-store.
12. Notifications,Clinician Feed,Clinician notifications,"Tasks, msgs, appointments",Yes,Completed,Missing,Yes,No,Yes,N/A,Yes,Static Data Only,60,Real dispatcher,Medium,/clinician/notifications.
12. Notifications,Compliance Feed,Compliance manager alerts,"Anomalies, approvals, deletion requests, campaign progress",Yes,Completed,Missing,Yes,No,Yes,N/A,Yes,Static Data Only,65,Real dispatcher + per-event triggers,Medium,/compliance/notifications uses shared NotificationsList.
12. Notifications,Auditor Feed,Auditor alerts,"Audit window expiries, MFA from new IP, deliveries",Yes,Completed,Missing,Yes,No,Yes,N/A,Yes,Static Data Only,65,Real dispatcher,Low,/auditor/notifications uses shared NotificationsList.
12. Notifications,Super Admin Feed,Platform-ops alerts,"Break-glass openings, tenant security spikes",Yes,Completed,Missing,Yes,No,Yes,N/A,Yes,Static Data Only,65,Real dispatcher + paging,Medium,/super/notifications uses shared NotificationsList.
12. Notifications,Org Admin Feed,Org-scoped notifications,Org admin alerts,Yes,Completed,Missing,Yes,No,Yes,N/A,Yes,Static Data Only,60,Real dispatcher,Medium,/admin/notifications has own page.
12. Notifications,Notification Preferences,Per-channel per-category opt-in/out,User toggles email/SMS/in-app per category,Yes,Completed,Missing,Yes,No,Yes,Done (client),Yes,UI Only,55,PATCH /notifications/preferences + persistence,Medium,"/patient/settings NotificationsTab: 6 categories × 3 channels matrix, Security locked (always-on), Save + Reset."
12. Notifications,Email Channel,SendGrid dispatch,Templates rendered + sent via SendGrid,No,Not Started,Missing,Yes,No,Yes,Missing,N/A,Not Started,0,SendGrid integration + template store + retry/DLQ,High,Entirely missing.
12. Notifications,SMS Channel (optional),Twilio dispatch,Per-tenant optional SMS,No,Not Started,Missing,No (optional),No,Yes,Missing,N/A,Not Started,0,Twilio integration,Low,Optional per spec.
13. Dashboard,Patient,"Greeting, next appt, recent records, msgs, consents",Aggregated quick-stats,Yes,Completed,Missing,Yes,No,Yes,N/A,Yes,Static Data Only,70,Real aggregation,Medium,/patient/dashboard.
13. Dashboard,Clinician,Today's queue + tasks + recent patients,Workspace-style daily view,Yes,Completed,Missing,Yes,No,Yes,N/A,Yes,Static Data Only,60,Real aggregation,Medium,/clinician/dashboard.
13. Dashboard,Org Admin,Org-wide overview,Org admin dashboard,Yes,Completed,Missing,Yes,No,Yes,N/A,Yes,Static Data Only,60,Real aggregation,Medium,/admin/dashboard.
13. Dashboard,Compliance,Posture score + scorecard + anomalies + heatmap + line chart,Real-time compliance posture + activity,Yes,Completed,Missing,Yes,No,Yes,N/A,Yes,Static Data Only,70,Real metrics aggregation + anomaly engine,High,"/compliance/dashboard - heavily worked on. Activity line chart, heatmap variants."
13. Dashboard,Auditor,Read-only audit dashboard,Audit volume + recent events,Yes,Completed,Missing,Yes,No,Yes,N/A,Yes,Static Data Only,55,Real audit feed,Medium,/auditor/dashboard.
13. Dashboard,Super Admin,Platform overview,Cross-tenant view,Yes,Completed,Missing,Yes,No,Yes,N/A,Yes,Static Data Only,60,Real platform metrics,Medium,/super/dashboard.
14. Audit Logs,Compliance Ledger View,Filterable + paginated audit list,Compliance filters by actor/action/status/anomaly/session,Yes,Completed,Missing,Yes,No,Yes,Partial,Yes,Static Data Only,65,Real audit table + indexed query API,High,/compliance/audit-logs - 200 synthetic events. Session-filter chip works.
14. Audit Logs,Event Detail,Drill-down with full event context + chain-of-custody,"Single event with actor, IP, UA, consent check, payload, checksums",Yes,Completed,Missing,Yes,No,Yes,N/A,Yes,Static Data Only,65,Real event store + checksum verification,High,/compliance/audit-logs/[id]. Same-session drill link added.
14. Audit Logs,Same-Session Drill,View all events from same session,Click 'View all events from same session' on detail,Yes,Completed,Missing,Yes,No,Yes,N/A,Yes,Static Data Only,70,Real session_id indexed query,Medium,Built recently. Detail page has prominent CTA.
14. Audit Logs,Auditor Read-Only,Audit view for auditor role,Auditor reads but cannot modify,Yes,Completed,Missing,Yes,No,Yes,N/A,Yes,Static Data Only,60,Real audit fetch + role guard,High,/auditor/audit-logs + [id].
14. Audit Logs,Anomaly Detection,Anomaly feed + investigation,Auto-detected unusual patterns surfaced,Yes,Completed,Missing,Yes,No,Yes,N/A,Yes,Static Data Only,60,Real anomaly engine + rule definitions,High,/compliance/anomalies + [id].
14. Audit Logs,Anomaly Resolution,Resolve with justification,Compliance picks outcome (legitimate/tune/escalate) + writes reason,Yes,Completed,Missing,Yes,No,Yes,Done,Yes,Static Data Only,65,Resolution audit-trail + rule-update endpoint,High,resolve-anomaly.tsx dialog. Submit is toast.
14. Audit Logs,Approval Workflow,Sensitive-access approval queue,Compliance approves with conditions / rejects / requests info,Yes,Completed,Missing,Yes,No,Yes,Done,Yes,Static Data Only,65,Approval table + temporary consent grant on approve,High,/compliance/approvals + [id] decision-form.
14. Audit Logs,Append-Only Guarantee,Audit log immutability,DB user has no UPDATE/DELETE on audit_logs,N/A,Not Started,Missing,Yes,No,Yes,Missing,N/A,Not Started,0,DB role configuration + RLS + checksums,Critical,Backend concern; spec section 11.3.
14. Audit Logs,Checksum Verification,Rolling Merkle/SHA chain over windows,Tamper-evidence on audit windows,Yes,Completed,Missing,Yes,No,Yes,Done (client),Yes,UI Only,45,Real hashing pipeline + verification job + window root storage,Medium,/compliance/audit-logs/[id] has a Verify checksum button → 'walking hash chain' simulation → verified badge w/ timestamp.
15. Billing & Subscription,Pricing Page (marketing),Public pricing tiers,Visitors compare tiers + features,Yes,Completed,N/A,No,N/A,No,N/A,N/A,Completed,80,Wire CTAs to real signup/checkout,Low,/pricing built recently.
15. Billing & Subscription,Subscription Tiers (super),Edit tier definitions,Super admin manages tiers,Yes,Partial,Missing,Yes,No,Yes,Partial,Yes,UI Only,35,"Tier schema, feature flag mapping",Low,edit-tier-dialog.tsx exists.
15. Billing & Subscription,Checkout / Payment,Tenant signs up for tier,Stripe (or equivalent) integration,No,Not Started,Missing,Yes,No,Yes,Missing,N/A,Not Started,0,Entire checkout flow + webhook handling,Low,Out of scope per spec 3.2 ('Billing... deferred').
15. Billing & Subscription,Invoices / Billing History,Tenant sees invoices + receipts,Tenant downloads invoices,No,Not Started,Missing,Yes,No,Yes,Missing,N/A,Not Started,0,Invoice table + PDF generation,Low,Out of scope per spec.
16. Settings,Patient Settings,"Profile, security, notifications, devices, data",Patient manages own settings,Yes,Partial,Missing,Yes,No,Yes,Partial,Yes,UI Only,60,Real persistence APIs,Medium,/patient/settings + account-widgets + DataTab.
16. Settings,Clinician Settings,"Profile, MFA, prefs",Clinician manages own settings,Yes,Partial,Missing,Yes,No,Yes,Partial,Yes,UI Only,50,Real persistence,Medium,/clinician/settings.
16. Settings,Org Admin Settings,"Org profile, branding, defaults",Org admin configures tenant settings,Yes,Partial,Missing,Yes,No,Yes,Partial,Yes,UI Only,50,Real persistence,Medium,/admin/settings + org-widgets.
16. Settings,Compliance Settings,Compliance team prefs,Compliance manager settings,Yes,Partial,Missing,Yes,No,Yes,Partial,Yes,UI Only,50,Real persistence,Low,/compliance/settings.
16. Settings,Auditor Settings,Auditor account prefs,Auditor self-settings,Yes,Partial,Missing,Yes,No,Yes,Partial,Yes,UI Only,50,Real persistence,Low,/auditor/settings.
16. Settings,Super Admin Settings,Platform-level settings,Platform ops settings,Yes,Partial,Missing,Yes,No,Yes,Partial,Yes,UI Only,55,Real persistence,Low,/super/settings + add-range-dialog.
17. File Upload,Patient Document Upload,Drag-drop + type/size validation,Patient uploads ID/insurance/prior records,Yes,Partial,Missing,Yes,No,Yes,Partial (type/size),Yes,UI Only,40,"S3 presigned URLs, real upload, virus scan, retention",High,/patient/documents/upload.
17. File Upload,Bulk Patient Import,CSV bulk upload,Admin uploads CSV of patients to onboard,Yes,Partial,Missing,Yes,No,Yes,Partial (CSV parse),Yes,UI Only,40,Server-side parse + dedup + dispatch invitations,Medium,/admin/patients/bulk - client CSV parsing.
17. File Upload,Bulk User Import,CSV bulk upload for staff,Admin uploads staff CSV,Yes,Partial,Missing,Yes,No,Yes,Partial,Yes,UI Only,40,Server-side parse + role-aware dispatch,Medium,/admin/users/bulk.
17. File Upload,Virus Scan,ClamAV / 3rd-party pre-store scan,All uploads scanned before persistence,No,Not Started,Missing,Yes,No,Yes,Missing,N/A,Not Started,0,ClamAV daemon + queued scan job + quarantine policy,High,Spec section 8.5 mentions scan hook.
17. File Upload,S3 Presigned URLs,Direct browser->S3 upload,Backend returns time-limited PUT URL,No,Not Started,Missing,Yes,No,Yes,Missing,N/A,Not Started,0,Backend route + IAM policy + bucket config,High,Spec section 8.5 + 19.2.
17. File Upload,Retention Enforcement,Auto-expire docs per category policy,Worker purges expired docs after retention window,Yes,Completed,Missing,Yes,No,Yes,Done (client),Yes,UI Only,50,Real retention worker + soft-delete -> hard-delete flow + legal-hold gate,High,"/compliance/retention has a Retention Enforcement panel: next-run timer, Run-now action, history of 3 runs incl. legal-hold partial skip."
18. Reports & Analytics,Compliance Reports,Compliance summary + access + consent + audit,Compliance generates on-demand reports,Yes,Completed,Missing,Yes,No,Yes,N/A,Yes,Static Data Only,65,Real aggregation + PDF/CSV generator + archive,High,/compliance/reports - 6 templates + archive tab.
18. Reports & Analytics,Auditor Reports,Auditor exports,Auditor pulls audit reports,Yes,Completed,Missing,Yes,No,Yes,N/A,Yes,Static Data Only,60,Real aggregation,Medium,/auditor/reports.
18. Reports & Analytics,Admin Reports,Org-scoped reports,Admin pulls org reports,Yes,Completed,Missing,Yes,No,Yes,N/A,Yes,Static Data Only,55,Real aggregation,Medium,/admin/reports.
18. Reports & Analytics,PDF/CSV Export,Client-side PDF generation,Download report as PDF or CSV,Yes,Partial,Missing,Yes,No,Yes,N/A,Yes,UI Only,50,Server-side generation queue + checksum,Medium,report-generators.ts uses jsPDF + jspdf-autotable client-side.
18. Reports & Analytics,Scheduled Reports,Recurring report delivery,Reports auto-generated + emailed weekly/monthly,Yes,UI Only,Missing,Yes,No,Yes,N/A,Yes,UI Only,30,BullMQ recurring job + SendGrid,Medium,UI for scheduling exists in /compliance/reports. Not actually scheduled.
18. Reports & Analytics,Activity Heatmap / Line Chart,Hourly activity over 7 days,Compliance sees usage patterns,Yes,Completed,N/A,No,N/A,No,N/A,Yes,Completed,80,Live data hookup,Low,/compliance/dashboard - rebuilt as line chart recently.
19. HL7/FHIR Integration,FHIR Stubs / Adapter,FHIR-ready architecture,Spec calls for FHIR resource adapters + transformations,No,Not Started,Missing,Yes,No,Yes,Missing,N/A,Not Started,0,"Entire FHIR layer (Resource models, transformation, endpoints)",Low,Spec 3.2 / 12 explicitly defers live integration. No stubs in codebase.
19. HL7/FHIR Integration,EHR/EMR Integration Screens,Configure external EHR connection,Admin connects to external EHR,No,Not Started,Missing,Yes,No,Yes,Missing,N/A,Not Started,0,Connection mgmt UI + backend adapters,Low,Out of scope per spec.
20. Security & Compliance,Role Middleware,Server-side role guard,Middleware redirects users away from other roles' sections,Yes,Completed,Done,N/A (frontend),N/A,No,N/A,Yes,Completed,85,"Production hardening, JWT verification of real claims",High,middleware.ts checks JWT role; demo-grade but functional.
20. Security & Compliance,Security Badges,Visual encrypted/audited/consent-bound chips,UI affirmations of security posture,Yes,Completed,N/A,No,N/A,No,N/A,Yes,Completed,90,"Wire to real backend state (e.g., is column encrypted?)",Low,security-badge.tsx used throughout.
20. Security & Compliance,Idle Timeout,Auto-logout after inactivity,Modal warning + countdown + extend or logout,Yes,Completed,Partial,Yes,Partial,No,Done,Yes,Completed,80,Sync with server session expiry,Medium,components/shared/idle-timeout.tsx works against /api/auth/logout.
20. Security & Compliance,GDPR Deletion Matrix,Per-category retention-aware decision,Compliance decides delete/retain/export per category,Yes,Completed,Missing,Yes,No,Yes,Done (client),Yes,Static Data Only,65,Real deletion worker + per-category purge,High,/compliance/deletion-requests + [id] decision-matrix.tsx.
20. Security & Compliance,Break-Glass Audit,Time-boxed emergency access with full logging,Super admin opens emergency session into tenant; everything audited,Yes,Partial,Missing,Yes,No,Yes,Partial,Yes,UI Only,45,Real session creation + heavy audit + auto-expire,High,/super/break-glass form.
20. Security & Compliance,Rate Limiting,Per-IP / per-user / per-endpoint limits,Throttle abusive patterns,No,Not Started,Missing,Yes,No,Yes,Missing,N/A,Not Started,0,Redis-backed limiter + WAF rules,High,"Backend concern, spec 6.7 + 10.2."
20. Security & Compliance,CSRF Protection,Token on state-changing requests,Anti-CSRF tokens required for POST/PATCH/DELETE,No,Not Started,Missing,Yes,No,Yes,Missing,N/A,Not Started,0,Token middleware + frontend integration,High,Spec section 5.5 + 10.2.
20. Security & Compliance,Content Security Policy,CSP headers + HSTS,Strict CSP + HSTS at edge,No,Not Started,Missing,Yes,No,No,Missing,N/A,Not Started,0,"Next.js middleware CSP, infra HSTS",Medium,Spec section 5.5.
20. Security & Compliance,Encryption at Rest,DB + column-level encryption,TDE + column-level on highly-sensitive fields,N/A,Not Started,N/A,Yes,No,Yes,Missing,N/A,Not Started,0,Postgres TDE + crypto for select columns,Critical,Backend / DB concern.
20. Security & Compliance,Row-Level Security,Postgres RLS for multi-tenant isolation,RLS reinforces tenant scope,N/A,Not Started,N/A,Yes,No,Yes,Missing,N/A,Not Started,0,RLS policies on PHI tables,Critical,"Backend / DB concern, spec 6.4."
20. Security & Compliance,PHI Log Redaction,No PHI in app logs,Logger middleware sanitizes PHI,N/A,Not Started,N/A,Yes,No,No,Missing,N/A,Not Started,0,Sanitizing logger + redaction tests,High,Spec section 10.2.

MODULE COMPLETION SUMMARY

Module,Avg Completion %,Notes
1. Authentication,47%,Good UI; backend mostly demo-stubs. Active sessions panel now real-feeling (devices + IPs + trust flags + revoke).
2. Patient,55%,Strong UI; localStorage demo store; new Prescriptions page + per-record audit trail + session/notif preferences.
3. Doctor (Clinician),51%,All screens exist; clinician/messages re-export bug fixed (now standalone).
4. Nurse,0%,Not in spec; not implemented.
5. Super Admin,51%,All screens exist; everything is static + toast-stub on submit.
6. Hospital / Tenant Mgmt,52%,Admin CRUD UIs complete; no real persistence.
7. Appointment,45%,Booking/reschedule/cancel UI works. Reminders not built.
8. Medical Records,44%,Read UIs solid; per-record audit trail richer; versioning + finalize logic still missing.
9. Prescription,32%,Dedicated patient Rx page added (Active/Past + refill request). Clinician Rx creation still missing.
10. Consent Management,52%,Patient + compliance flows OK; evaluation guard backend missing.
11. Secure Messaging,50%,Patient + clinician both standalone; attachments now functional (client-side); no real backend.
12. Notifications,53%,All 6 role feeds + preferences matrix; dispatcher backend missing.
13. Dashboard,63%,All 6 dashboards built; all static.
14. Audit Logs,57%,Verify-checksum action + anomaly + approval workflows; backend ledger still missing.
15. Billing & Subscription,29%,Pricing page exists; checkout out of scope.
16. Settings,57%,All 6 settings pages exist; richer sessions + notif prefs in patient.
17. File Upload,27%,UI present; retention purge UI added (history + run-now); no real S3 + virus scan.
18. Reports & Analytics,57%,Client-side PDF works; no server generation/scheduling.
19. HL7/FHIR Integration,0%,Out of scope per spec.
20. Security & Compliance,39%,Frontend security controls + role middleware present; backend controls absent.

OVERALL FRONTEND COMPLETION (visible UI),~70%,After 9 partial-UI fixes (May 26 pass).
OVERALL BACKEND COMPLETION,~5%,Only 6 demo /api/auth/* routes exist.
OVERALL DATABASE COMPLETION,0%,"No DB, no migrations, no schema implemented."
OVERALL PRODUCTION-READY COMPLETION,~34%,Weighted FE 50% + BE 35% + DB 15%.

TOP CRITICAL GAPS
1. No real backend - all /api/* except /api/auth/* proxy to non-existent localhost:3001.
2. No database - everything is hardcoded TS arrays or browser localStorage.
3. No consent-evaluation guard - PHI 'access control' is purely visual.
4. No audit ledger - every event shown is a static mock.
5. No file uploads - documents never leave the browser.
6. No notification dispatcher - no email/SMS goes out.
7. No rate limiting / CSRF / WAF / log redaction.
8. (FIXED May 26) Clinician messages now standalone; attachments wired; per-record audit trail; Rx page; retention enforcement; checksum verify.
"9. No password reset, account lockout, refresh-token rotation."
10. Clinician structured Rx creation still missing (only patient-side Rx history added).
